id,first_name,last_name,email,gender
1,Sullivan,Bomb,sbomb0@twitpic.com,Male
2,Hagen,Decort,hdecort1@java.com,Male
3,Obadias,Pankethman,opankethman2@prweb.com,Male
4,Nigel,Pitsall,npitsall3@auda.org.au,Male
5,Robbin,Massy,rmassy4@npr.org,Female
6,Mateo,D'Enrico,mdenrico5@sphinn.com,Male
7,Thomasine,Dilnot,tdilnot6@addtoany.com,Female
8,Dani,Moncreiff,dmoncreiff7@state.gov,Female
9,Nerita,Linbohm,nlinbohm8@printfriendly.com,Female
10,Des,Harnetty,dharnetty9@twitpic.com,Male
11,Kristofor,Cumberland,kcumberlanda@hao123.com,Male
12,Rowney,Armatys,rarmatysb@nasa.gov,Male
13,Cassi,Fisbey,cfisbeyc@youtube.com,Female
14,Lemar,Lowthian,llowthiand@bizjournals.com,Male
15,Wes,O'Shevlin,woshevline@state.gov,Male
16,Lesley,Scannell,lscannellf@github.io,Male
17,Lola,Peltzer,lpeltzerg@wordpress.org,Female
18,Lanita,Furlonge,lfurlongeh@a8.net,Female
19,Lenka,Lammas,llammasi@taobao.com,Female
20,Erina,Dellenbrok,edellenbrokj@bbc.co.uk,Female
21,Merrie,Askew,maskewk@bandcamp.com,Female
22,Albertine,Krahl,akrahll@webeden.co.uk,Female
23,Stefania,Jearum,sjearumm@pen.io,Female
24,Donaugh,McLeod,dmcleodn@1und1.de,Male
25,Jacinda,Hillen,jhilleno@comcast.net,Female
26,Celestyn,Fone,cfonep@nasa.gov,Female
27,Roma,Thundercliffe,rthundercliffeq@home.pl,Male
28,Archy,Wanell,awanellr@redcross.org,Male
29,Desmond,Wegman,dwegmans@chronoengine.com,Male
30,Abbot,Aldam,aaldamt@springer.com,Male
31,Ailbert,Blaszczyk,ablaszczyku@elpais.com,Male
32,Trefor,Gorgler,tgorglerv@reuters.com,Male
33,Clemente,Bloss,cblossw@addthis.com,Male
34,Anissa,Grishmanov,agrishmanovx@sun.com,Female
35,Nicoline,Heersma,nheersmay@blinklist.com,Female
36,Justis,Denniston,jdennistonz@fema.gov,Male
37,Tiler,Etherton,tetherton10@unesco.org,Male
38,Ashlin,Blachford,ablachford11@1und1.de,Male
39,Greg,Sobieski,gsobieski12@senate.gov,Male
40,Ches,Bamborough,cbamborough13@ihg.com,Male
41,Claiborne,Tewkesbury.,ctewkesbury14@gov.uk,Male
42,Webb,Jarville,wjarville15@yandex.ru,Male
43,Gizela,Tideswell,gtideswell16@1und1.de,Female
44,Peyton,Alliberton,palliberton17@mozilla.org,Male
45,Katherine,Braden,kbraden18@xing.com,Female
46,Jarrad,Claffey,jclaffey19@slate.com,Male
47,Piper,Heyfield,pheyfield1a@loc.gov,Female
48,Franklin,McCosh,fmccosh1b@cnn.com,Male
49,Eddy,O'Kennedy,eokennedy1c@sogou.com,Male
50,Caz,Purtell,cpurtell1d@sourceforge.net,Male
51,Gerik,Seeds,gseeds1e@yelp.com,Male
52,Rodolfo,Peltzer,rpeltzer1f@virginia.edu,Male
53,Felice,Iacomo,fiacomo1g@barnesandnoble.com,Female
54,Isadore,Ruddle,iruddle1h@de.vu,Male
55,Otha,Dignum,odignum1i@jalbum.net,Female
56,Gabrila,Averill,gaverill1j@dmoz.org,Female
57,Abrahan,Gregori,agregori1k@washingtonpost.com,Male
58,Akim,Hinckesman,ahinckesman1l@unblog.fr,Male
59,Vinson,Staniford,vstaniford1m@delicious.com,Male
60,Nickie,Oldknow,noldknow1n@amazon.co.jp,Male
61,Kenneth,O'Hear,kohear1o@guardian.co.uk,Male
62,Kailey,Husk,khusk1p@kickstarter.com,Female
63,Agatha,Hunnawill,ahunnawill1q@adobe.com,Female
64,Belvia,Beefon,bbeefon1r@edublogs.org,Female
65,Alisha,Barlthrop,abarlthrop1s@livejournal.com,Female
66,Katie,Stiegar,kstiegar1t@cocolog-nifty.com,Female
67,Taylor,Leyzell,tleyzell1u@reference.com,Male
68,Arv,Eves,aeves1v@t.co,Male
69,Arther,Couroy,acouroy1w@jiathis.com,Male
70,Stefanie,Attenbrough,sattenbrough1x@hexun.com,Female
71,Beverlie,Le Fevre,blefevre1y@drupal.org,Female
72,Glory,Deehan,gdeehan1z@jimdo.com,Female
73,Ellswerth,Willett,ewillett20@com.com,Male
74,Brook,Wooder,bwooder21@theguardian.com,Female
75,Rubina,Millier,rmillier22@arizona.edu,Female
76,Kris,Pyrton,kpyrton23@mac.com,Female
77,Arty,Quickenden,aquickenden24@ustream.tv,Male
78,Eada,Jeune,ejeune25@pinterest.com,Female
79,Marcie,Rowell,mrowell26@columbia.edu,Female
80,Nicky,Itzkovich,nitzkovich27@goodreads.com,Male
81,Ali,Cast,acast28@yolasite.com,Female
82,Beatrisa,Baldock,bbaldock29@sun.com,Female
83,Cletis,Poynzer,cpoynzer2a@pagesperso-orange.fr,Male
84,Adelice,Kingsman,akingsman2b@comcast.net,Female
85,Elnar,Julien,ejulien2c@nbcnews.com,Male
86,Maxi,Arnholdt,marnholdt2d@odnoklassniki.ru,Female
87,Sharron,MacGovern,smacgovern2e@de.vu,Female
88,Bethena,Vallery,bvallery2f@ucla.edu,Female
89,Naoma,Danes,ndanes2g@51.la,Female
90,Adriaens,Caseborne,acaseborne2h@geocities.jp,Female
91,Rubin,Midner,rmidner2i@goo.ne.jp,Male
92,Johnny,Etchells,jetchells2j@dailymotion.com,Male
93,Sarine,Buswell,sbuswell2k@fotki.com,Female
94,Kippie,Mockes,kmockes2l@answers.com,Female
95,Dulcie,Dacre,ddacre2m@tamu.edu,Female
96,Ester,Dodsworth,edodsworth2n@opera.com,Female
97,Ailey,Brazer,abrazer2o@nyu.edu,Female
98,Ashton,Kaufman,akaufman2p@techcrunch.com,Male
99,Mina,Scandrite,mscandrite2q@zdnet.com,Female
100,Sheilakathryn,Brotherton,sbrotherton2r@loc.gov,Female
101,Dalenna,Kuban,dkuban2s@liveinternet.ru,Female
102,Xylia,Harmond,xharmond2t@oakley.com,Female
103,Simonne,Touson,stouson2u@umn.edu,Female
104,Ruby,Rosier,rrosier2v@vimeo.com,Male
105,Letisha,Heining,lheining2w@php.net,Female
106,Trude,De Filippis,tdefilippis2x@businessinsider.com,Female
107,Crin,Goldthorp,cgoldthorp2y@theglobeandmail.com,Female
108,Faustine,Furness,ffurness2z@skyrock.com,Female
109,Randall,Sleney,rsleney30@indiatimes.com,Male
110,Alanah,Blackmore,ablackmore31@state.gov,Female
111,Mari,McGaw,mmcgaw32@hp.com,Female
112,Ricky,Gairdner,rgairdner33@arstechnica.com,Male
113,Town,Whatmough,twhatmough34@ca.gov,Male
114,Terrie,Frostdicke,tfrostdicke35@sfgate.com,Female
115,Griffin,Lethieulier,glethieulier36@reddit.com,Male
116,Gar,Rubinlicht,grubinlicht37@hc360.com,Male
117,Nappie,Du Hamel,nduhamel38@baidu.com,Male
118,Vince,Gerrels,vgerrels39@com.com,Male
119,Brynna,Wyvill,bwyvill3a@foxnews.com,Female
120,Farlay,Raithbie,fraithbie3b@addtoany.com,Male
121,Carlee,Bullough,cbullough3c@google.nl,Female
122,Tisha,Downing,tdowning3d@usatoday.com,Female
123,Jeri,Guenther,jguenther3e@trellian.com,Female
124,Daren,Bernardino,dbernardino3f@slate.com,Male
125,Patrizius,Dignall,pdignall3g@si.edu,Male
126,Wynnie,Kemble,wkemble3h@nsw.gov.au,Female
127,Hendrik,Huton,hhuton3i@wufoo.com,Male
128,Othella,Mantrip,omantrip3j@marketwatch.com,Female
129,Marshal,Philippe,mphilippe3k@home.pl,Male
130,Trefor,Mazin,tmazin3l@tripod.com,Male
131,Regan,Littley,rlittley3m@mit.edu,Male
132,Dara,Rance,drance3n@tiny.cc,Female
133,Egon,Yelding,eyelding3o@cbslocal.com,Male
134,Jewel,Amerighi,jamerighi3p@gravatar.com,Female
135,Brennen,Botterman,bbotterman3q@symantec.com,Male
136,Brooks,Risdale,brisdale3r@stanford.edu,Female
137,Carl,Kristiansen,ckristiansen3s@amazon.com,Male
138,Mendie,Walford,mwalford3t@dropbox.com,Male
139,Flo,Brangan,fbrangan3u@nih.gov,Female
140,Celinda,Maruszewski,cmaruszewski3v@dyndns.org,Female
141,Mack,Eyles,meyles3w@dell.com,Male
142,Susanne,Renton,srenton3x@soup.io,Female
143,Hercule,McRavey,hmcravey3y@tamu.edu,Male
144,Waylan,Olesen,wolesen3z@istockphoto.com,Male
145,Sarajane,Croci,scroci40@cnet.com,Female
146,Loreen,Gavagan,lgavagan41@foxnews.com,Female
147,Gian,Mineghelli,gmineghelli42@yolasite.com,Male
148,Imogene,Duffan,iduffan43@whitehouse.gov,Female
149,Fonz,Menier,fmenier44@hao123.com,Male
150,Padget,Yewdall,pyewdall45@ycombinator.com,Male
151,Neila,Birchner,nbirchner46@altervista.org,Female
152,Laughton,Saffran,lsaffran47@dailymotion.com,Male
153,Rowan,Elacoate,relacoate48@usatoday.com,Male
154,Eldridge,Elphick,eelphick49@ibm.com,Male
155,Ferguson,Oxbrough,foxbrough4a@aol.com,Male
156,Yovonnda,Kochel,ykochel4b@photobucket.com,Female
157,Alfredo,Shelmerdine,ashelmerdine4c@alexa.com,Male
158,Donetta,Hallford,dhallford4d@mac.com,Female
159,Bent,Sturgess,bsturgess4e@icq.com,Male
160,Arman,Crickmer,acrickmer4f@cnet.com,Male
161,Grange,Dunn,gdunn4g@alibaba.com,Male
162,Edi,Underhill,eunderhill4h@wikimedia.org,Female
163,Vasili,Alexandersen,valexandersen4i@nbcnews.com,Male
164,Marianne,Linnit,mlinnit4j@dedecms.com,Female
165,Kirby,Marlen,kmarlen4k@statcounter.com,Male
166,Elwira,Matyashev,ematyashev4l@state.gov,Female
167,Trumaine,Hegerty,thegerty4m@google.co.jp,Male
168,Ethelred,Loveless,eloveless4n@sun.com,Male
169,Montgomery,Jervois,mjervois4o@wordpress.org,Male
170,Hammad,Luisetti,hluisetti4p@topsy.com,Male
171,Phil,Ramble,pramble4q@vistaprint.com,Male
172,Malynda,Kilpatrick,mkilpatrick4r@prnewswire.com,Female
173,Raddy,Dobbie,rdobbie4s@harvard.edu,Male
174,Averell,Darling,adarling4t@trellian.com,Male
175,Katy,Ropcke,kropcke4u@stanford.edu,Female
176,Ulberto,Moorcroft,umoorcroft4v@arizona.edu,Male
177,Tybalt,Breckell,tbreckell4w@jiathis.com,Male
178,Olivie,Whitemarsh,owhitemarsh4x@yellowpages.com,Female
179,Loreen,Haill,lhaill4y@engadget.com,Female
180,Bendix,Mundie,bmundie4z@booking.com,Male
181,Demetris,Hoogendorp,dhoogendorp50@shareasale.com,Male
182,Thea,Bond,tbond51@ucla.edu,Female
183,Edgar,Studholme,estudholme52@fc2.com,Male
184,Grissel,Spatig,gspatig53@ed.gov,Female
185,Donelle,Culham,dculham54@jalbum.net,Female
186,Henriette,Doorly,hdoorly55@surveymonkey.com,Female
187,Farley,Ashtonhurst,fashtonhurst56@cornell.edu,Male
188,Cecil,Ferie,cferie57@java.com,Female
189,Raquel,Bicheno,rbicheno58@sbwire.com,Female
190,Shelley,Krysiak,skrysiak59@baidu.com,Female
191,Adolphus,Chatainier,achatainier5a@parallels.com,Male
192,Berti,Staddom,bstaddom5b@statcounter.com,Male
193,Jorrie,Trinder,jtrinder5c@cornell.edu,Female
194,Dyan,Halm,dhalm5d@vinaora.com,Female
195,Davidson,Lewsy,dlewsy5e@bloglines.com,Male
196,Maire,Britian,mbritian5f@umich.edu,Female
197,Cathyleen,Shayler,cshayler5g@ibm.com,Female
198,Ariel,Yearne,ayearne5h@livejournal.com,Male
199,Cecilius,Lindores,clindores5i@liveinternet.ru,Male
200,Johna,Steinor,jsteinor5j@theglobeandmail.com,Female
201,Lazare,Barkworth,lbarkworth5k@springer.com,Male
202,Judah,Darrigone,jdarrigone5l@skyrock.com,Male
203,Emanuel,Creffeild,ecreffeild5m@state.tx.us,Male
204,Carlie,McKennan,cmckennan5n@soup.io,Male
205,Aggy,Castletine,acastletine5o@altervista.org,Female
206,Kleon,Broadwood,kbroadwood5p@epa.gov,Male
207,Xaviera,Valler,xvaller5q@163.com,Female
208,Marrilee,Bignall,mbignall5r@statcounter.com,Female
209,Cynthea,Marke,cmarke5s@nasa.gov,Female
210,Rozanna,Levay,rlevay5t@wikipedia.org,Female
211,Gavan,Stinson,gstinson5u@columbia.edu,Male
212,Kerrie,Ewbanck,kewbanck5v@blogger.com,Female
213,Melody,Bineham,mbineham5w@google.co.uk,Female
214,Hagen,Witchalls,hwitchalls5x@weather.com,Male
215,Garrard,Casetta,gcasetta5y@dion.ne.jp,Male
216,Titus,Rizon,trizon5z@myspace.com,Male
217,Halette,Wafer,hwafer60@cafepress.com,Female
218,Tomkin,Tomaszewski,ttomaszewski61@sun.com,Male
219,Ches,Cuphus,ccuphus62@ebay.co.uk,Male
220,Abran,Belcher,abelcher63@vimeo.com,Male
221,Gradeigh,Ranking,granking64@arizona.edu,Male
222,Adoree,McLelland,amclelland65@irs.gov,Female
223,Ruttger,Brandassi,rbrandassi66@irs.gov,Male
224,Broderick,Denk,bdenk67@lycos.com,Male
225,Agata,Querrard,aquerrard68@a8.net,Female
226,Yelena,Fawke,yfawke69@dion.ne.jp,Female
227,Gregg,Joy,gjoy6a@soup.io,Male
228,Arvie,Henri,ahenri6b@youku.com,Male
229,Vivi,Bysh,vbysh6c@ow.ly,Female
230,Efren,Airs,eairs6d@scientificamerican.com,Male
231,Beltran,Stichel,bstichel6e@umich.edu,Male
232,Nataline,Micklewicz,nmicklewicz6f@mlb.com,Female
233,Raimondo,Habert,rhabert6g@opensource.org,Male
234,Candie,Yushmanov,cyushmanov6h@bizjournals.com,Female
235,Clarita,Plumridege,cplumridege6i@lulu.com,Female
236,Bogart,Kenwood,bkenwood6j@google.nl,Male
237,Candice,Grey,cgrey6k@tumblr.com,Female
238,Locke,Fanstone,lfanstone6l@liveinternet.ru,Male
239,Sonny,Gleder,sgleder6m@baidu.com,Male
240,Reeta,Chadburn,rchadburn6n@ucoz.com,Female
241,Brittan,Bourthouloume,bbourthouloume6o@google.fr,Female
242,Prentiss,Peat,ppeat6p@behance.net,Male
243,Fiann,Korous,fkorous6q@comsenz.com,Female
244,Willi,Garwell,wgarwell6r@fc2.com,Female
245,Kristin,Drewry,kdrewry6s@blinklist.com,Female
246,Caldwell,Caston,ccaston6t@dagondesign.com,Male
247,Martin,Girardetti,mgirardetti6u@fc2.com,Male
248,William,Pauli,wpauli6v@skyrock.com,Male
249,Jackelyn,Rowsel,jrowsel6w@domainmarket.com,Female
250,Dex,Delafoy,ddelafoy6x@stumbleupon.com,Male
251,Mamie,O'Rourke,morourke6y@tripadvisor.com,Female
252,Deanna,Bickford,dbickford6z@loc.gov,Female
253,Kiele,De Gowe,kdegowe70@samsung.com,Female
254,Bobine,McDonogh,bmcdonogh71@ezinearticles.com,Female
255,Bay,Twinning,btwinning72@skype.com,Male
256,Killy,Stannislawski,kstannislawski73@clickbank.net,Male
257,Giles,Skeemor,gskeemor74@hexun.com,Male
258,Aloisia,Handasyde,ahandasyde75@stumbleupon.com,Female
259,Ambrosi,Laneham,alaneham76@mozilla.org,Male
260,Ibby,Probet,iprobet77@ucla.edu,Female
261,Annalee,Schoolfield,aschoolfield78@netvibes.com,Female
262,Aldis,Gomersal,agomersal79@youtube.com,Male
263,Ross,Costall,rcostall7a@wix.com,Male
264,Ofilia,Fielders,ofielders7b@answers.com,Female
265,Jaquelin,Sandars,jsandars7c@cyberchimps.com,Female
266,Mort,Geertsen,mgeertsen7d@cbslocal.com,Male
267,Jody,Cockram,jcockram7e@sfgate.com,Male
268,Abbye,Oldford,aoldford7f@house.gov,Female
269,Gawen,Lofty,glofty7g@amazon.com,Male
270,Emanuel,Grammer,egrammer7h@pagesperso-orange.fr,Male
271,Caria,Scothron,cscothron7i@photobucket.com,Female
272,Felix,Hellwich,fhellwich7j@wiley.com,Male
273,Sioux,Cicccitti,scicccitti7k@simplemachines.org,Female
274,Valentine,Torrisi,vtorrisi7l@alibaba.com,Female
275,Noach,Holbie,nholbie7m@tamu.edu,Male
276,Kylie,Ragsdall,kragsdall7n@jugem.jp,Female
277,Opalina,Keeves,okeeves7o@blogs.com,Female
278,Cairistiona,Trinder,ctrinder7p@apple.com,Female
279,Colby,Creaser,ccreaser7q@hhs.gov,Male
280,Blondie,Dizlie,bdizlie7r@addtoany.com,Female
281,Camella,Karppi,ckarppi7s@wiley.com,Female
282,Tibold,Connold,tconnold7t@cyberchimps.com,Male
283,Myriam,Kalewe,mkalewe7u@oakley.com,Female
284,Cedric,Leavold,cleavold7v@unc.edu,Male
285,Kylynn,Andrault,kandrault7w@yandex.ru,Female
286,Arlyne,Goslin,agoslin7x@php.net,Female
287,Noami,Zorro,nzorro7y@ustream.tv,Female
288,Sara-ann,Boatswain,sboatswain7z@techcrunch.com,Female
289,Osmund,Tredinnick,otredinnick80@altervista.org,Male
290,Chrisse,Bartram,cbartram81@w3.org,Male
291,Lindi,Quernel,lquernel82@etsy.com,Female
292,Rutherford,Ogdahl,rogdahl83@gnu.org,Male
293,Cherise,Witheridge,cwitheridge84@com.com,Female
294,Kelsi,De Cleen,kdecleen85@miitbeian.gov.cn,Female
295,Roseanna,Fitchen,rfitchen86@bloglines.com,Female
296,Florina,Dallyn,fdallyn87@usgs.gov,Female
297,Matt,Scoffham,mscoffham88@tinyurl.com,Male
298,Kerby,Hartwell,khartwell89@harvard.edu,Male
299,Jaynell,Beckey,jbeckey8a@google.com.br,Female
300,Carol,Skeermor,cskeermor8b@cnet.com,Female
301,Bernie,Curman,bcurman8c@europa.eu,Female
302,Marlene,Malt,mmalt8d@istockphoto.com,Female
303,Chandal,Halvorsen,chalvorsen8e@whitehouse.gov,Female
304,Francoise,Borman,fborman8f@cornell.edu,Female
305,Dulci,Coleby,dcoleby8g@cafepress.com,Female
306,Rose,Shuard,rshuard8h@gravatar.com,Female
307,Bertina,Reuben,breuben8i@flavors.me,Female
308,Madonna,Catterell,mcatterell8j@i2i.jp,Female
309,Derby,Benning,dbenning8k@google.de,Male
310,Deane,Scrooby,dscrooby8l@java.com,Female
311,Clemente,Boadby,cboadby8m@myspace.com,Male
312,Jarret,Magenny,jmagenny8n@noaa.gov,Male
313,Genevieve,Creech,gcreech8o@sitemeter.com,Female
314,Caz,Byles,cbyles8p@shinystat.com,Male
315,Bibbye,Legrave,blegrave8q@redcross.org,Female
316,Bendicty,Lucey,blucey8r@barnesandnoble.com,Male
317,Adel,Mcasparan,amcasparan8s@ox.ac.uk,Female
318,Desirae,Francescozzi,dfrancescozzi8t@oakley.com,Female
319,Viviene,Boate,vboate8u@tinypic.com,Female
320,Winfred,Oldam,woldam8v@mysql.com,Male
321,Monro,Mitchinson,mmitchinson8w@pagesperso-orange.fr,Male
322,Donny,Wisson,dwisson8x@tiny.cc,Male
323,Micah,Bolderson,mbolderson8y@photobucket.com,Male
324,Binnie,Cason,bcason8z@un.org,Female
325,Clea,Antrum,cantrum90@intel.com,Female
326,Roseanne,Ryding,rryding91@wordpress.com,Female
327,Willi,McCowan,wmccowan92@trellian.com,Male
328,Minna,Davidovitch,mdavidovitch93@theguardian.com,Female
329,Olivette,Gatherell,ogatherell94@disqus.com,Female
330,Marlo,Goulborn,mgoulborn95@cyberchimps.com,Male
331,Hollis,Kepling,hkepling96@craigslist.org,Male
332,Kimbell,Volkes,kvolkes97@oracle.com,Male
333,Cthrine,Kerswell,ckerswell98@cargocollective.com,Female
334,Jerri,Brawn,jbrawn99@over-blog.com,Male
335,Laure,Britnell,lbritnell9a@hexun.com,Female
336,Shayla,Adamsky,sadamsky9b@kickstarter.com,Female
337,Saraann,Silbermann,ssilbermann9c@github.io,Female
338,Diandra,Maggs,dmaggs9d@nifty.com,Female
339,Micheline,Bartosiak,mbartosiak9e@answers.com,Female
340,Ransell,Tullis,rtullis9f@vistaprint.com,Male
341,Muhammad,Gladdolph,mgladdolph9g@nydailynews.com,Male
342,Federico,Parsonson,fparsonson9h@google.cn,Male
343,Yetty,MacPhail,ymacphail9i@shareasale.com,Female
344,Shae,Allmen,sallmen9j@theglobeandmail.com,Male
345,Brockie,Mahon,bmahon9k@smugmug.com,Male
346,Ravi,Inchley,rinchley9l@github.com,Male
347,Letisha,Rehor,lrehor9m@multiply.com,Female
348,Bayard,Sadd,bsadd9n@themeforest.net,Male
349,Freedman,Oloshkin,foloshkin9o@about.com,Male
350,Aurea,Braffington,abraffington9p@wikispaces.com,Female
351,Kenon,Yousef,kyousef9q@livejournal.com,Male
352,Regina,Boncore,rboncore9r@wikimedia.org,Female
353,Bendick,Rameaux,brameaux9s@unblog.fr,Male
354,Trefor,Patshull,tpatshull9t@phpbb.com,Male
355,Hilary,Chotty,hchotty9u@sbwire.com,Female
356,Arabelle,Springall,aspringall9v@jugem.jp,Female
357,Wain,Shimoni,wshimoni9w@wired.com,Male
358,Audrie,Moughton,amoughton9x@apache.org,Female
359,Joannes,Weadick,jweadick9y@jigsy.com,Female
360,Moritz,Shovlar,mshovlar9z@hp.com,Male
361,Ulric,Menaul,umenaula0@1und1.de,Male
362,Nady,Drayton,ndraytona1@google.com.au,Female
363,Inge,Assur,iassura2@cisco.com,Female
364,Deanna,Soden,dsodena3@pcworld.com,Female
365,Domenico,Gwinn,dgwinna4@diigo.com,Male
366,Pen,Munby,pmunbya5@privacy.gov.au,Male
367,Quintana,Nutt,qnutta6@bandcamp.com,Female
368,Mace,Glanvill,mglanvilla7@bigcartel.com,Male
369,Maurice,Leavesley,mleavesleya8@webnode.com,Male
370,Ted,Broinlich,tbroinlicha9@cornell.edu,Female
371,Mischa,Spehr,mspehraa@wikispaces.com,Male
372,Annabela,Corrison,acorrisonab@upenn.edu,Female
373,Stacee,Braben,sbrabenac@un.org,Male
374,Gaylene,Donneely,gdonneelyad@blogtalkradio.com,Female
375,Archy,Cuddy,acuddyae@yelp.com,Male
376,Bjorn,Boeck,bboeckaf@oaic.gov.au,Male
377,Letta,Parton,lpartonag@rediff.com,Female
378,Latia,Wenderott,lwenderottah@newsvine.com,Female
379,Cullan,Fontell,cfontellai@sogou.com,Male
380,Shurlock,Shwalbe,sshwalbeaj@blogspot.com,Male
381,Lula,Godfrey,lgodfreyak@omniture.com,Female
382,Derry,Laval,dlavalal@bloomberg.com,Male
383,Herbie,Shearn,hshearnam@kickstarter.com,Male
384,Lorie,Aronsohn,laronsohnan@imgur.com,Female
385,Gray,Ales0,galesao@fc2.com,Male
386,Adrien,Tubble,atubbleap@shareasale.com,Male
387,Jessika,Robillart,jrobillartaq@nature.com,Female
388,Alasdair,Tweedell,atweedellar@feedburner.com,Male
389,Lina,Kindle,lkindleas@loc.gov,Female
390,Olia,Croucher,ocroucherat@yahoo.com,Female
391,Bondy,Longstreet,blongstreetau@mlb.com,Male
392,Barb,Fortey,bforteyav@exblog.jp,Female
393,Wiatt,Tarply,wtarplyaw@so-net.ne.jp,Male
394,Dew,Glassborow,dglassborowax@miibeian.gov.cn,Male
395,Bridie,Brahm,bbrahmay@cafepress.com,Female
396,Alexei,Munning,amunningaz@php.net,Male
397,Charlene,O' Culligan,coculliganb0@dion.ne.jp,Female
398,Wylie,Burdin,wburdinb1@bloglines.com,Male
399,Kellby,Fraczak,kfraczakb2@google.com.hk,Male
400,Hildagarde,Gopsall,hgopsallb3@omniture.com,Female
401,Pip,Backen,pbackenb4@indiatimes.com,Male
402,Claudius,Parton,cpartonb5@simplemachines.org,Male
403,Alameda,Killich,akillichb6@rediff.com,Female
404,Betty,Kydde,bkyddeb7@blogtalkradio.com,Female
405,Lusa,Ivashechkin,livashechkinb8@blogger.com,Female
406,Huberto,Blackborne,hblackborneb9@desdev.cn,Male
407,Nikkie,De Lisle,ndelisleba@smh.com.au,Female
408,Miner,Biaggioli,mbiaggiolibb@stumbleupon.com,Male
409,Auberta,Rickardes,arickardesbc@ed.gov,Female
410,Almire,Phare,apharebd@fda.gov,Female
411,Melantha,Le Marchand,mlemarchandbe@paypal.com,Female
412,Rochette,Seer,rseerbf@about.com,Female
413,Fields,Bresner,fbresnerbg@marketwatch.com,Male
414,Toddie,Pinilla,tpinillabh@artisteer.com,Male
415,Thomasin,Ebbins,tebbinsbi@deviantart.com,Female
416,Rosabel,Saberton,rsabertonbj@shop-pro.jp,Female
417,Natalee,Follet,nfolletbk@abc.net.au,Female
418,Cesare,Stedson,cstedsonbl@abc.net.au,Male
419,Phineas,Izhak,pizhakbm@last.fm,Male
420,Philippe,Dowty,pdowtybn@ca.gov,Female
421,Ly,Mullarkey,lmullarkeybo@topsy.com,Male
422,Rip,Axup,raxupbp@qq.com,Male
423,Maire,Summerlie,msummerliebq@imgur.com,Female
424,Brynna,Durbyn,bdurbynbr@histats.com,Female
425,Kellen,Piggins,kpigginsbs@vistaprint.com,Male
426,Timmi,Assante,tassantebt@bloomberg.com,Female
427,Vonni,Bhar,vbharbu@jugem.jp,Female
428,Rheba,McMenamie,rmcmenamiebv@ted.com,Female
429,Randal,Roskam,rroskambw@free.fr,Male
430,Cari,Mingardo,cmingardobx@google.co.uk,Female
431,Alli,Simmen,asimmenby@utexas.edu,Female
432,Hollis,Thurborn,hthurbornbz@lycos.com,Male
433,Umberto,Sygroves,usygrovesc0@google.com.hk,Male
434,Toiboid,Linsey,tlinseyc1@1und1.de,Male
435,Daphne,Standen,dstandenc2@nsw.gov.au,Female
436,Rafael,Leyrroyd,rleyrroydc3@ihg.com,Male
437,Jeannette,Rammell,jrammellc4@cpanel.net,Female
438,Toinette,Straniero,tstranieroc5@vistaprint.com,Female
439,Clive,Turneaux,cturneauxc6@bloglines.com,Male
440,Berget,Funnell,bfunnellc7@ihg.com,Female
441,Angelo,Welband,awelbandc8@wufoo.com,Male
442,Flore,Moffat,fmoffatc9@bbc.co.uk,Female
443,Caty,Janway,cjanwayca@senate.gov,Female
444,Chiquia,Carvill,ccarvillcb@nbcnews.com,Female
445,Daron,Niemiec,dniemieccc@smh.com.au,Female
446,Kalle,Martineau,kmartineaucd@gnu.org,Male
447,Jenica,Walbrook,jwalbrookce@ucoz.ru,Female
448,Pippa,Sam,psamcf@rediff.com,Female
449,Stinky,Winsor,swinsorcg@marriott.com,Male
450,Ian,Macauley,imacauleych@princeton.edu,Male
451,Lissa,Shellshear,lshellshearci@bigcartel.com,Female
452,Alexina,Conew,aconewcj@stanford.edu,Female
453,Philbert,Mazzilli,pmazzillick@opera.com,Male
454,Natal,Worgan,nworgancl@jugem.jp,Male
455,Rahel,Dongall,rdongallcm@bluehost.com,Female
456,Rebeka,Begin,rbegincn@bandcamp.com,Female
457,Arlen,Leisman,aleismanco@bbc.co.uk,Male
458,Arvy,Ors,aorscp@chicagotribune.com,Male
459,Elbert,Halifax,ehalifaxcq@sina.com.cn,Male
460,Lucy,Egentan,legentancr@amazonaws.com,Female
461,Amitie,Beckingham,abeckinghamcs@ftc.gov,Female
462,Caria,Asif,casifct@home.pl,Female
463,Mikey,Belf,mbelfcu@telegraph.co.uk,Male
464,Doyle,Birkmyr,dbirkmyrcv@census.gov,Male
465,Pete,Fender,pfendercw@constantcontact.com,Male
466,Devlin,Daingerfield,ddaingerfieldcx@utexas.edu,Male
467,Ilysa,Credland,icredlandcy@lycos.com,Female
468,Matthias,Laboune,mlabounecz@deviantart.com,Male
469,Emilee,Gwilliam,egwilliamd0@ucsd.edu,Female
470,Devlen,Fulleylove,dfulleyloved1@hostgator.com,Male
471,Rip,Nerney,rnerneyd2@ft.com,Male
472,Judah,Lewins,jlewinsd3@time.com,Male
473,Mel,Moralas,mmoralasd4@ucsd.edu,Male
474,Paige,Suttle,psuttled5@samsung.com,Female
475,Gwen,Swoffer,gswofferd6@nbcnews.com,Female
476,Kennan,Verna,kvernad7@blogs.com,Male
477,Donnie,Forcer,dforcerd8@wikimedia.org,Female
478,Laverne,Redparth,lredparthd9@sitemeter.com,Female
479,Tallie,Assiter,tassiterda@1688.com,Female
480,Janeczka,Peaden,jpeadendb@mediafire.com,Female
481,Kaspar,Walden,kwaldendc@ustream.tv,Male
482,Bastien,Mallinder,bmallinderdd@ibm.com,Male
483,Babbette,Lasty,blastyde@amazon.de,Female
484,Carolan,Leifer,cleiferdf@mtv.com,Female
485,Krishna,Quarton,kquartondg@columbia.edu,Male
486,Jolee,Gwilt,jgwiltdh@loc.gov,Female
487,Armand,McKeever,amckeeverdi@t.co,Male
488,Noe,Mercy,nmercydj@time.com,Male
489,Haily,Pordal,hpordaldk@unc.edu,Male
490,Gerri,Timbrell,gtimbrelldl@sun.com,Female
491,Roderich,De Giovanni,rdegiovannidm@purevolume.com,Male
492,Tallulah,Antoniutti,tantoniuttidn@artisteer.com,Female
493,Jason,Graysmark,jgraysmarkdo@mashable.com,Male
494,Robin,Measham,rmeashamdp@wikispaces.com,Male
495,Addy,Mundall,amundalldq@quantcast.com,Female
496,Fidel,Clousley,fclousleydr@google.co.uk,Male
497,Davidson,Martyntsev,dmartyntsevds@census.gov,Male
498,Noak,Vivian,nviviandt@stumbleupon.com,Male
499,Kingston,Jeandillou,kjeandilloudu@webeden.co.uk,Male
500,Junina,Foort,jfoortdv@google.fr,Female
501,Vernon,Deevey,vdeeveydw@prweb.com,Male
502,Maximilien,Sprague,mspraguedx@clickbank.net,Male
503,Clemente,Songist,csongistdy@lulu.com,Male
504,Allin,Dohmer,adohmerdz@google.nl,Male
505,Huntington,De Courtney,hdecourtneye0@independent.co.uk,Male
506,Jori,Coat,jcoate1@cbslocal.com,Female
507,Gran,Larrosa,glarrosae2@phpbb.com,Male
508,Tarra,Spence,tspencee3@vk.com,Female
509,Margery,Lovstrom,mlovstrome4@histats.com,Female
510,Corrinne,McCanny,cmccannye5@theguardian.com,Female
511,Kip,Tomczynski,ktomczynskie6@census.gov,Male
512,Corbett,Meek,cmeeke7@e-recht24.de,Male
513,Domenic,Spurdens,dspurdense8@wsj.com,Male
514,Chrysa,Crass,ccrasse9@wikia.com,Female
515,Lurline,Annakin,lannakinea@twitter.com,Female
516,Mathian,Jordison,mjordisoneb@eventbrite.com,Male
517,Antoine,Gravenell,agravenellec@comsenz.com,Male
518,Lee,Gyde,lgydeed@usnews.com,Female
519,Audrey,Aberkirder,aaberkirderee@wikispaces.com,Female
520,Nevins,Skahill,nskahillef@fema.gov,Male
521,Maribeth,Klee,mkleeeg@ftc.gov,Female
522,Jinny,Eskriet,jeskrieteh@last.fm,Female
523,Danella,Aldins,daldinsei@uiuc.edu,Female
524,Nichole,Ireland,nirelandej@patch.com,Female
525,Saleem,Patkin,spatkinek@gmpg.org,Male
526,Eldredge,Surmeyer,esurmeyerel@elegantthemes.com,Male
527,Kennie,Hazeldine,khazeldineem@ocn.ne.jp,Male
528,Randa,Easter,reasteren@newyorker.com,Female
529,Laural,Sawden,lsawdeneo@dagondesign.com,Female
530,Curr,Brotherwood,cbrotherwoodep@state.tx.us,Male
531,Carny,Guilliland,cguillilandeq@state.gov,Male
532,Kin,Beldum,kbeldumer@cpanel.net,Male
533,Townie,Scrine,tscrinees@microsoft.com,Male
534,Lorne,Joppich,ljoppichet@scribd.com,Female
535,Cass,Haythorn,chaythorneu@networkadvertising.org,Female
536,Perle,MacGuigan,pmacguiganev@nature.com,Female
537,Juliette,Whiles,jwhilesew@vimeo.com,Female
538,Rey,Miskelly,rmiskellyex@twitter.com,Female
539,Arleyne,Kringe,akringeey@sciencedirect.com,Female
540,Lind,Fewell,lfewellez@opensource.org,Male
541,Roxanna,Catterson,rcattersonf0@wikimedia.org,Female
542,Madelina,Sentinella,msentinellaf1@blog.com,Female
543,Brod,Rocks,brocksf2@vimeo.com,Male
544,Marabel,Tschierasche,mtschieraschef3@netvibes.com,Female
545,Bobina,Nellies,bnelliesf4@shinystat.com,Female
546,Alanson,Maasze,amaaszef5@hud.gov,Male
547,Fulton,Carle,fcarlef6@ed.gov,Male
548,Lillis,Jost,ljostf7@umich.edu,Female
549,Irene,Waind,iwaindf8@artisteer.com,Female
550,Walliw,Walker,wwalkerf9@gmpg.org,Female
551,Inger,Piddick,ipiddickfa@163.com,Female
552,Dominga,Clavering,dclaveringfb@jigsy.com,Female
553,Christoph,Caspell,ccaspellfc@woothemes.com,Male
554,Carlos,Kanwell,ckanwellfd@opera.com,Male
555,Llewellyn,Paumier,lpaumierfe@paginegialle.it,Male
556,Marci,Prys,mprysff@zdnet.com,Female
557,Leonidas,Wank,lwankfg@behance.net,Male
558,Mattie,Padbury,mpadburyfh@aboutads.info,Female
559,Thorin,Mulchrone,tmulchronefi@army.mil,Male
560,Salomone,Eberz,seberzfj@sphinn.com,Male
561,Elroy,Burbank,eburbankfk@theglobeandmail.com,Male
562,Manuel,Fahey,mfaheyfl@baidu.com,Male
563,Jimmie,Evers,jeversfm@yellowpages.com,Male
564,Amity,Huws,ahuwsfn@netvibes.com,Female
565,Sileas,Sivyer,ssivyerfo@acquirethisname.com,Female
566,Clemence,Gillson,cgillsonfp@yellowbook.com,Female
567,Sergei,Esberger,sesbergerfq@yolasite.com,Male
568,Washington,Suter,wsuterfr@about.me,Male
569,Isak,Van der Velden,ivanderveldenfs@spiegel.de,Male
570,Gabriell,Windless,gwindlessft@rambler.ru,Female
571,Willdon,Sainthill,wsainthillfu@ucsd.edu,Male
572,Tandi,Parslow,tparslowfv@mayoclinic.com,Female
573,Vivian,Haslam,vhaslamfw@merriam-webster.com,Female
574,Virgina,Pryke,vprykefx@mlb.com,Female
575,Sherm,Flament,sflamentfy@cnn.com,Male
576,Dannie,Vasyanin,dvasyaninfz@home.pl,Female
577,Caspar,Inott,cinottg0@php.net,Male
578,Merwyn,Neighbour,mneighbourg1@ow.ly,Male
579,Corissa,Soppeth,csoppethg2@symantec.com,Female
580,Gordy,Valance,gvalanceg3@nature.com,Male
581,Carey,Dron,cdrong4@purevolume.com,Male
582,Hobart,Saggs,hsaggsg5@example.com,Male
583,Inger,Denisot,idenisotg6@cocolog-nifty.com,Female
584,Lyndel,Gammidge,lgammidgeg7@sohu.com,Female
585,Ninnette,Meugens,nmeugensg8@tmall.com,Female
586,Quinton,Treske,qtreskeg9@reverbnation.com,Male
587,Jarad,Bather,jbatherga@sina.com.cn,Male
588,Jessy,Lennie,jlenniegb@deviantart.com,Female
589,Morgun,Sallinger,msallingergc@nsw.gov.au,Male
590,Prentice,Wadesworth,pwadesworthgd@ycombinator.com,Male
591,Mariel,Ascraft,mascraftge@bloglovin.com,Female
592,Dur,Grigoroni,dgrigoronigf@answers.com,Male
593,Livvyy,Albasini,lalbasinigg@webmd.com,Female
594,Rasla,Blampy,rblampygh@behance.net,Female
595,Vic,Streeter,vstreetergi@rediff.com,Male
596,Maggie,Loblie,mlobliegj@paginegialle.it,Female
597,Yevette,Axcel,yaxcelgk@squidoo.com,Female
598,Shannon,Fozzard,sfozzardgl@engadget.com,Male
599,Durant,Rushsorth,drushsorthgm@163.com,Male
600,Shoshanna,Elsmor,selsmorgn@twitpic.com,Female
601,Tersina,Pretsel,tpretselgo@webmd.com,Female
602,Magdalene,Kubicek,mkubicekgp@hubpages.com,Female
603,Valery,McOmish,vmcomishgq@uiuc.edu,Female
604,Quinlan,Sline,qslinegr@time.com,Male
605,Danila,Klejin,dklejings@oaic.gov.au,Female
606,Mariska,Farington,mfaringtongt@yellowbook.com,Female
607,Maggee,Izaac,mizaacgu@prlog.org,Female
608,Dawn,Girod,dgirodgv@facebook.com,Female
609,Hugues,Shelbourne,hshelbournegw@youtu.be,Male
610,Kaylee,Lundberg,klundberggx@noaa.gov,Female
611,Etheline,Tellenbrok,etellenbrokgy@123-reg.co.uk,Female
612,Sisely,Seven,ssevengz@ucla.edu,Female
613,Renie,Tribe,rtribeh0@sogou.com,Female
614,Ag,Cust,acusth1@whitehouse.gov,Female
615,Nanci,Oddie,noddieh2@si.edu,Female
616,Sidoney,Bestar,sbestarh3@businesswire.com,Female
617,Rosco,Hatcher,rhatcherh4@pbs.org,Male
618,Libby,Nutkin,lnutkinh5@altervista.org,Female
619,Fanny,Butterfint,fbutterfinth6@mapquest.com,Female
620,Correy,Picardo,cpicardoh7@netscape.com,Male
621,Case,Tirte,ctirteh8@tinypic.com,Male
622,Demetre,Feldhuhn,dfeldhuhnh9@amazon.com,Male
623,Peter,Silly,psillyha@salon.com,Male
624,Filmore,Jerisch,fjerischhb@ustream.tv,Male
625,Lizette,Grzesiewicz,lgrzesiewiczhc@berkeley.edu,Female
626,Chastity,Osment,cosmenthd@is.gd,Female
627,Carling,Peplay,cpeplayhe@nba.com,Male
628,Payton,Jurczik,pjurczikhf@furl.net,Male
629,Boycey,Lyffe,blyffehg@theatlantic.com,Male
630,Tailor,Brookhouse,tbrookhousehh@aol.com,Male
631,Gates,Ells,gellshi@tripod.com,Female
632,Harriot,Halesworth,hhalesworthhj@cdc.gov,Female
633,Alejandra,Cona,aconahk@cornell.edu,Female
634,Eldin,Hagston,ehagstonhl@si.edu,Male
635,Nikoletta,Frissell,nfrissellhm@patch.com,Female
636,Deonne,Bottini,dbottinihn@123-reg.co.uk,Female
637,Malena,Elner,melnerho@hibu.com,Female
638,Carroll,Fargie,cfargiehp@gizmodo.com,Male
639,Katherina,Jerman,kjermanhq@icq.com,Female
640,Berrie,Challiner,bchallinerhr@amazonaws.com,Female
641,Darlene,Coopey,dcoopeyhs@comcast.net,Female
642,Washington,Hassewell,whassewellht@wunderground.com,Male
643,Dianna,Fones,dfoneshu@twitter.com,Female
644,Maryl,Thiese,mthiesehv@washington.edu,Female
645,Anita,Adie,aadiehw@ehow.com,Female
646,Hort,Batty,hbattyhx@sfgate.com,Male
647,Sky,Doughartie,sdoughartiehy@tinypic.com,Male
648,Rosemaria,Diem,rdiemhz@jimdo.com,Female
649,Alexandre,Pomeroy,apomeroyi0@w3.org,Male
650,Joelie,Haps,jhapsi1@google.es,Female
651,Zoe,Neasam,zneasami2@liveinternet.ru,Female
652,Nert,Bayns,nbaynsi3@imageshack.us,Female
653,Tannie,Fagg,tfaggi4@surveymonkey.com,Male
654,Algernon,Maffulli,amaffullii5@discovery.com,Male
655,Starlene,Haggis,shaggisi6@businessinsider.com,Female
656,Walther,Dreye,wdreyei7@example.com,Male
657,Zackariah,Offener,zoffeneri8@apple.com,Male
658,Ileana,Angus,iangusi9@amazon.com,Female
659,Agathe,Egentan,aegentania@sogou.com,Female
660,Neall,Fettiplace,nfettiplaceib@hao123.com,Male
661,Goober,Durnford,gdurnfordic@addthis.com,Male
662,Rad,di Rocca,rdiroccaid@wikimedia.org,Male
663,Vince,Gossipin,vgossipinie@ibm.com,Male
664,Alexandro,Mill,amillif@icq.com,Male
665,Daron,Broadfoot,dbroadfootig@google.it,Female
666,Emory,Scotland,escotlandih@nbcnews.com,Male
667,Wrennie,Rohmer,wrohmerii@thetimes.co.uk,Female
668,Anthiathia,Calcraft,acalcraftij@state.gov,Female
669,Dallon,Machen,dmachenik@techcrunch.com,Male
670,Cindy,Bartrum,cbartrumil@xinhuanet.com,Female
671,Hurley,Gladdin,hgladdinim@reverbnation.com,Male
672,Murdock,Gentreau,mgentreauin@fc2.com,Male
673,Shaylyn,Philippsohn,sphilippsohnio@answers.com,Female
674,Reinold,MacCaughey,rmaccaugheyip@google.fr,Male
675,Stephi,Rossander,srossanderiq@w3.org,Female
676,Simeon,Marvell,smarvellir@newsvine.com,Male
677,Kettie,Petchey,kpetcheyis@cloudflare.com,Female
678,Bailie,Whalebelly,bwhalebellyit@state.tx.us,Male
679,Kerk,Lundon,klundoniu@mac.com,Male
680,Tabor,Forgan,tforganiv@cornell.edu,Male
681,Jacquelin,Stenbridge,jstenbridgeiw@blog.com,Female
682,Anthea,Beddingham,abeddinghamix@sohu.com,Female
683,Reilly,Bartalini,rbartaliniiy@ow.ly,Male
684,Beverlie,Lightbourn,blightbourniz@msn.com,Female
685,Lelia,Swinden,lswindenj0@cpanel.net,Female
686,Brinna,Heaven,bheavenj1@timesonline.co.uk,Female
687,Leanora,Hanaby,lhanabyj2@alexa.com,Female
688,Lesley,Wanek,lwanekj3@typepad.com,Female
689,Samuel,Ragot,sragotj4@chron.com,Male
690,Romain,Schulz,rschulzj5@tmall.com,Male
691,Jannelle,Gierck,jgierckj6@pagesperso-orange.fr,Female
692,Hammad,Georgelin,hgeorgelinj7@npr.org,Male
693,Clari,Bemand,cbemandj8@last.fm,Female
694,Rubetta,Seares,rsearesj9@pen.io,Female
695,Verla,Pawnsford,vpawnsfordja@eventbrite.com,Female
696,Moore,Darlison,mdarlisonjb@symantec.com,Male
697,Ely,McJarrow,emcjarrowjc@exblog.jp,Male
698,Mariellen,Dolohunty,mdolohuntyjd@meetup.com,Female
699,Janice,Rosettini,jrosettinije@tinypic.com,Female
700,Richy,Bednell,rbednelljf@psu.edu,Male
701,Alphard,Tidcombe,atidcombejg@wp.com,Male
702,Ede,Morffew,emorffewjh@answers.com,Female
703,Rad,Uman,rumanji@hhs.gov,Male
704,Lissy,Labon,llabonjj@symantec.com,Female
705,Chance,Patrone,cpatronejk@ted.com,Male
706,Ennis,Beachem,ebeachemjl@sfgate.com,Male
707,James,Round,jroundjm@gmpg.org,Male
708,Seymour,Sturrock,ssturrockjn@livejournal.com,Male
709,Bianca,Plet,bpletjo@constantcontact.com,Female
710,Mauricio,Slinn,mslinnjp@pagesperso-orange.fr,Male
711,Brittan,McElrea,bmcelreajq@usatoday.com,Female
712,Petra,Wrettum,pwrettumjr@newsvine.com,Female
713,Allen,Mixer,amixerjs@cbslocal.com,Male
714,Wally,Fathers,wfathersjt@seattletimes.com,Male
715,Jammal,Markl,jmarklju@163.com,Male
716,Quincey,Walby,qwalbyjv@psu.edu,Male
717,Jacques,Grelak,jgrelakjw@is.gd,Male
718,Quinlan,Gardiner,qgardinerjx@reddit.com,Male
719,Nat,Shallo,nshallojy@tripod.com,Male
720,King,Kull,kkulljz@domainmarket.com,Male
721,Karrah,Aimable,kaimablek0@instagram.com,Female
722,Victoria,Tedorenko,vtedorenkok1@weather.com,Female
723,Rozele,Greenin,rgreenink2@unicef.org,Female
724,Bambi,Bridie,bbridiek3@google.ru,Female
725,Rudolfo,Gaynesford,rgaynesfordk4@google.nl,Male
726,Vassili,Guirard,vguirardk5@auda.org.au,Male
727,Lisle,Josofovitz,ljosofovitzk6@mayoclinic.com,Male
728,Karita,Vedeniktov,kvedeniktovk7@phpbb.com,Female
729,Alix,Whatmough,awhatmoughk8@i2i.jp,Male
730,Graehme,Sedman,gsedmank9@dyndns.org,Male
731,Stormy,Fronczak,sfronczakka@chronoengine.com,Female
732,Annette,Aveling,aavelingkb@elegantthemes.com,Female
733,Susy,Gantlett,sgantlettkc@phoca.cz,Female
734,Ariel,Oldford,aoldfordkd@ftc.gov,Female
735,Gardie,Wolsey,gwolseyke@answers.com,Male
736,Franky,Dikelin,fdikelinkf@list-manage.com,Male
737,Clayton,Boakes,cboakeskg@mashable.com,Male
738,Ty,Dilston,tdilstonkh@zdnet.com,Male
739,Kin,Casaro,kcasaroki@naver.com,Male
740,Hollyanne,Brydell,hbrydellkj@t.co,Female
741,Allie,Boothman,aboothmankk@businessinsider.com,Female
742,Mamie,Huyton,mhuytonkl@geocities.com,Female
743,Shandeigh,Wride,swridekm@a8.net,Female
744,Everard,Rait,eraitkn@adobe.com,Male
745,Bax,Everist,beveristko@elpais.com,Male
746,Roxana,Hammel,rhammelkp@smugmug.com,Female
747,Virgie,Brosetti,vbrosettikq@engadget.com,Male
748,Berta,Raatz,braatzkr@whitehouse.gov,Female
749,Meris,Mandeville,mmandevilleks@google.es,Female
750,Bobina,Naylor,bnaylorkt@artisteer.com,Female
751,Zechariah,Innwood,zinnwoodku@shinystat.com,Male
752,Sylas,Baldree,sbaldreekv@prweb.com,Male
753,Eben,Sircomb,esircombkw@google.com.au,Male
754,Sibella,Leggis,sleggiskx@imgur.com,Female
755,Tracey,Hardwich,thardwichky@ucoz.ru,Male
756,Rene,Taplin,rtaplinkz@eepurl.com,Female
757,Nari,Gierardi,ngierardil0@cyberchimps.com,Female
758,Nicol,Cockayme,ncockaymel1@pagesperso-orange.fr,Male
759,Jsandye,Manston,jmanstonl2@jiathis.com,Female
760,Maggee,Burbage,mburbagel3@histats.com,Female
761,Ellsworth,Bofield,ebofieldl4@theguardian.com,Male
762,Katha,Alabone,kalabonel5@slideshare.net,Female
763,Maddy,Tansill,mtansilll6@japanpost.jp,Male
764,Valaree,Scrase,vscrasel7@jiathis.com,Female
765,Maurice,Gogarty,mgogartyl8@washingtonpost.com,Male
766,Lonni,Semkins,lsemkinsl9@flavors.me,Female
767,Orville,Risen,orisenla@sitemeter.com,Male
768,Shelley,Speke,sspekelb@washingtonpost.com,Female
769,Jase,Prisley,jprisleylc@exblog.jp,Male
770,Brigit,Stallion,bstallionld@upenn.edu,Female
771,Rivalee,Easen,reasenle@wix.com,Female
772,Legra,Kestin,lkestinlf@webeden.co.uk,Female
773,Ewell,Peeke,epeekelg@vk.com,Male
774,Lonni,Van Hesteren,lvanhesterenlh@seattletimes.com,Female
775,Doreen,Craven,dcravenli@google.nl,Female
776,Edwin,Rosenwasser,erosenwasserlj@sciencedirect.com,Male
777,Klarika,Kingsbury,kkingsburylk@ow.ly,Female
778,Sayre,Desquesnes,sdesquesnesll@msu.edu,Female
779,Cindra,Blewitt,cblewittlm@walmart.com,Female
780,Roi,Sibille,rsibilleln@baidu.com,Male
781,Danika,Camis,dcamislo@pbs.org,Female
782,Shellysheldon,Cregeen,scregeenlp@sourceforge.net,Male
783,Wilfred,Gilleon,wgilleonlq@facebook.com,Male
784,Samuele,McCreagh,smccreaghlr@imdb.com,Male
785,Mommy,McPeck,mmcpeckls@bandcamp.com,Female
786,Berrie,Marsden,bmarsdenlt@bbc.co.uk,Female
787,Parke,Di Roberto,pdirobertolu@narod.ru,Male
788,Ysabel,Odegaard,yodegaardlv@wordpress.com,Female
789,Berk,Gosenell,bgosenelllw@t-online.de,Male
790,Nissie,Shord,nshordlx@eventbrite.com,Female
791,Ansell,Maddicks,amaddicksly@spotify.com,Male
792,Gerardo,Marley,gmarleylz@ebay.co.uk,Male
793,Mauricio,Hatliffe,mhatliffem0@ehow.com,Male
794,Carter,Angliss,canglissm1@who.int,Male
795,Benjamin,Bennallck,bbennallckm2@sciencedirect.com,Male
796,Paulita,Soame,psoamem3@nyu.edu,Female
797,Joceline,Dailey,jdaileym4@pagesperso-orange.fr,Female
798,Ebony,Hendrick,ehendrickm5@sfgate.com,Female
799,Pat,Mc Harg,pmchargm6@g.co,Male
800,Ruthi,Featonby,rfeatonbym7@examiner.com,Female
801,Friederike,Hinemoor,fhinemoorm8@uiuc.edu,Female
802,Bronny,Mityashin,bmityashinm9@walmart.com,Male
803,Normie,Pierrepoint,npierrepointma@netlog.com,Male
804,Hansiain,Engelbrecht,hengelbrechtmb@nifty.com,Male
805,Loree,Berrecloth,lberreclothmc@msu.edu,Female
806,Reagen,Hegg,rheggmd@cafepress.com,Male
807,Ker,Littrik,klittrikme@addtoany.com,Male
808,Deloria,Charge,dchargemf@smugmug.com,Female
809,Emyle,Lettley,elettleymg@list-manage.com,Female
810,Guss,Frensche,gfrenschemh@ehow.com,Male
811,Brady,Masters,bmastersmi@tumblr.com,Male
812,Heddi,Wilflinger,hwilflingermj@japanpost.jp,Female
813,Aubrey,Lacaze,alacazemk@guardian.co.uk,Female
814,Stanton,Buckthorp,sbuckthorpml@phoca.cz,Male
815,Nady,Roache,nroachemm@un.org,Female
816,Sheelagh,Huton,shutonmn@forbes.com,Female
817,Aldis,Delacourt,adelacourtmo@vk.com,Male
818,Benedikta,Kensitt,bkensittmp@elegantthemes.com,Female
819,Derrick,Muggleston,dmugglestonmq@php.net,Male
820,Brigitta,Plessing,bplessingmr@macromedia.com,Female
821,Rockwell,Millen,rmillenms@blogspot.com,Male
822,Rafael,Dumini,rduminimt@patch.com,Male
823,Vina,Crat,vcratmu@mozilla.org,Female
824,Rasla,De Blasio,rdeblasiomv@webnode.com,Female
825,Elia,Illston,eillstonmw@netscape.com,Male
826,Shurwood,Kinnon,skinnonmx@eventbrite.com,Male
827,Caitlin,Moral,cmoralmy@odnoklassniki.ru,Female
828,Thorny,McRobbie,tmcrobbiemz@live.com,Male
829,Dolli,Rundle,drundlen0@soup.io,Female
830,Jourdain,Tresvina,jtresvinan1@nydailynews.com,Male
831,Jodi,Winterson,jwintersonn2@dion.ne.jp,Male
832,Hymie,Harden,hhardenn3@flickr.com,Male
833,Becka,Yarnton,byarntonn4@angelfire.com,Female
834,Francklyn,Kigelman,fkigelmann5@parallels.com,Male
835,Nonah,Brockherst,nbrockherstn6@hhs.gov,Female
836,Chris,Lipmann,clipmannn7@last.fm,Male
837,Tymothy,Baynam,tbaynamn8@hud.gov,Male
838,Eartha,Keeltagh,ekeeltaghn9@theglobeandmail.com,Female
839,Wilow,Ludford,wludfordna@mail.ru,Female
840,Helen,Gatley,hgatleynb@drupal.org,Female
841,Giffy,Begin,gbeginnc@cloudflare.com,Male
842,Lisa,Baysting,lbaystingnd@123-reg.co.uk,Female
843,Andriana,Churm,achurmne@princeton.edu,Female
844,Micky,Blakesley,mblakesleynf@ft.com,Female
845,Ky,De Blasiis,kdeblasiisng@seattletimes.com,Male
846,Pieter,Kearle,pkearlenh@dion.ne.jp,Male
847,Bailey,Cocking,bcockingni@taobao.com,Male
848,Harley,Zelner,hzelnernj@loc.gov,Female
849,Milly,Clemonts,mclemontsnk@wikia.com,Female
850,Carrie,Dawidowitsch,cdawidowitschnl@mail.ru,Female
851,Ban,Blackadder,bblackaddernm@arizona.edu,Male
852,Pincus,Schuster,pschusternn@kickstarter.com,Male
853,Jayson,Abelevitz,jabelevitzno@jimdo.com,Male
854,Ralph,Huggen,rhuggennp@theguardian.com,Male
855,Kennett,Bowcock,kbowcocknq@tiny.cc,Male
856,Cary,Jorden,cjordennr@irs.gov,Male
857,Welbie,McGarvey,wmcgarveyns@flavors.me,Male
858,Evin,Cars,ecarsnt@symantec.com,Male
859,Welby,Horsey,whorseynu@bloglovin.com,Male
860,Gasper,Utton,guttonnv@symantec.com,Male
861,Garrett,Bumby,gbumbynw@digg.com,Male
862,Prent,Spon,psponnx@spiegel.de,Male
863,Anny,Fetherby,afetherbyny@cargocollective.com,Female
864,Jacquelynn,Habbema,jhabbemanz@addtoany.com,Female
865,Tyson,Simnel,tsimnelo0@springer.com,Male
866,Rooney,Arnatt,rarnatto1@netlog.com,Male
867,Sandro,Bloxsome,sbloxsomeo2@naver.com,Male
868,Deane,Orme,dormeo3@springer.com,Male
869,Dorothee,Mulliner,dmullinero4@scribd.com,Female
870,Panchito,Statefield,pstatefieldo5@europa.eu,Male
871,Horace,Vasiltsov,hvasiltsovo6@issuu.com,Male
872,Lyndy,Tedstone,ltedstoneo7@google.fr,Female
873,Mil,Bau,mbauo8@timesonline.co.uk,Female
874,Chester,Sidden,csiddeno9@addtoany.com,Male
875,Carlyle,Wordington,cwordingtonoa@ihg.com,Male
876,Yule,Pentercost,ypentercostob@discuz.net,Male
877,Flinn,Sybbe,fsybbeoc@unc.edu,Male
878,Leisha,Harroway,lharrowayod@networkadvertising.org,Female
879,Lydie,Furst,lfurstoe@oaic.gov.au,Female
880,Hanson,Boake,hboakeof@blogtalkradio.com,Male
881,Zollie,Hannigane,zhanniganeog@dot.gov,Male
882,Errol,Irving,eirvingoh@youtube.com,Male
883,Kane,Cosins,kcosinsoi@artisteer.com,Male
884,Roddy,Casol,rcasoloj@reddit.com,Male
885,Joey,Adamec,jadamecok@google.co.uk,Female
886,Livvie,Damper,ldamperol@weibo.com,Female
887,Augustin,Benedicte,abenedicteom@so-net.ne.jp,Male
888,Faydra,Zebedee,fzebedeeon@ca.gov,Female
889,Hestia,Holcroft,hholcroftoo@ebay.com,Female
890,Minta,Mayhead,mmayheadop@smh.com.au,Female
891,Daryn,Mulles,dmullesoq@t-online.de,Female
892,Gabriel,Rigardeau,grigardeauor@wisc.edu,Male
893,Garik,Tebb,gtebbos@usa.gov,Male
894,Jabez,Casley,jcasleyot@shareasale.com,Male
895,Brina,Lapley,blapleyou@dyndns.org,Female
896,Brenden,Gergler,bgerglerov@unesco.org,Male
897,Archie,Caffery,acafferyow@patch.com,Male
898,Torrance,Osichev,tosichevox@histats.com,Male
899,Drucie,Greenstreet,dgreenstreetoy@washingtonpost.com,Female
900,Nessi,Gibbs,ngibbsoz@hatena.ne.jp,Female
901,Dieter,Kenzie,dkenziep0@opensource.org,Male
902,Erroll,Dani,edanip1@dell.com,Male
903,Cullin,Wakelam,cwakelamp2@smh.com.au,Male
904,Mitchell,Pourveer,mpourveerp3@guardian.co.uk,Male
905,Leanora,Reford,lrefordp4@cpanel.net,Female
906,Ric,Waeland,rwaelandp5@weibo.com,Male
907,Constancy,Wallett,cwallettp6@weather.com,Female
908,Vanya,Kynd,vkyndp7@seesaa.net,Female
909,Fleming,Sandeland,fsandelandp8@is.gd,Male
910,Timoteo,Adcocks,tadcocksp9@state.tx.us,Male
911,Adolph,Mucklo,amucklopa@nymag.com,Male
912,Demott,Griffith,dgriffithpb@google.com.hk,Male
913,Ilyse,Chipps,ichippspc@unblog.fr,Female
914,Colby,Thorwarth,cthorwarthpd@msn.com,Male
915,Shandy,Littrik,slittrikpe@timesonline.co.uk,Female
916,Sansone,Lamzed,slamzedpf@exblog.jp,Male
917,Kerri,Todeo,ktodeopg@mit.edu,Female
918,Vivianna,Sheen,vsheenph@weibo.com,Female
919,Kylila,Brealey,kbrealeypi@scientificamerican.com,Female
920,Ardisj,Dawdary,adawdarypj@1und1.de,Female
921,Omar,Tynewell,otynewellpk@weebly.com,Male
922,Lorry,Drynan,ldrynanpl@t-online.de,Male
923,Dionysus,Brodeur,dbrodeurpm@studiopress.com,Male
924,Halimeda,Gonnely,hgonnelypn@typepad.com,Female
925,Cristiano,Pergens,cpergenspo@unblog.fr,Male
926,Nanine,Tremayle,ntremaylepp@amazon.co.uk,Female
927,Cassie,McElrath,cmcelrathpq@issuu.com,Male
928,Malynda,Eschelle,meschellepr@nih.gov,Female
929,Zelda,Donahue,zdonahueps@vistaprint.com,Female
930,Laura,Bostick,lbostickpt@elpais.com,Female
931,Viviene,Mordey,vmordeypu@cloudflare.com,Female
932,Patric,Gookes,pgookespv@hexun.com,Male
933,Hillard,Peris,hperispw@yahoo.co.jp,Male
934,Gustavus,McGilvray,gmcgilvraypx@google.co.jp,Male
935,Jephthah,Zarfai,jzarfaipy@ed.gov,Male
936,Tiphanie,Samet,tsametpz@bbc.co.uk,Female
937,Cassey,Avarne,cavarneq0@amazon.de,Female
938,Lesley,Pitchers,lpitchersq1@craigslist.org,Female
939,Veronika,McNalley,vmcnalleyq2@soup.io,Female
940,Brittany,Corkan,bcorkanq3@yellowpages.com,Female
941,Isacco,Nickols,inickolsq4@ox.ac.uk,Male
942,Nicol,Dunsleve,ndunsleveq5@redcross.org,Female
943,Rolf,Colrein,rcolreinq6@kickstarter.com,Male
944,Rees,Dhillon,rdhillonq7@opensource.org,Male
945,Zandra,Robuchon,zrobuchonq8@google.nl,Female
946,Cointon,Dimont,cdimontq9@deviantart.com,Male
947,Upton,Petrolli,upetrolliqa@ovh.net,Male
948,Englebert,Thumann,ethumannqb@istockphoto.com,Male
949,Charlean,Castillo,ccastilloqc@freewebs.com,Female
950,Selig,MacKeogh,smackeoghqd@yellowpages.com,Male
951,Kristy,Nesbeth,knesbethqe@usa.gov,Female
952,Mavis,Misselbrook,mmisselbrookqf@dailymail.co.uk,Female
953,Phillipp,France,pfranceqg@jiathis.com,Male
954,Carmelina,Rummin,crumminqh@accuweather.com,Female
955,Garold,Andri,gandriqi@so-net.ne.jp,Male
956,Brand,Duffin,bduffinqj@desdev.cn,Male
957,Carlina,Veysey,cveyseyqk@merriam-webster.com,Female
958,Mariya,Cast,mcastql@fastcompany.com,Female
959,Dur,Pellett,dpellettqm@taobao.com,Male
960,Bret,Dealtry,bdealtryqn@infoseek.co.jp,Male
961,Raimundo,Casterton,rcastertonqo@rediff.com,Male
962,Grantham,Venditti,gvendittiqp@squidoo.com,Male
963,Brina,Gernier,bgernierqq@about.me,Female
964,Thadeus,Menat,tmenatqr@rediff.com,Male
965,Hyatt,Pehrsson,hpehrssonqs@jalbum.net,Male
966,Shurwood,Bielfeld,sbielfeldqt@infoseek.co.jp,Male
967,Zolly,Caro,zcaroqu@i2i.jp,Male
968,Tonnie,Balcers,tbalcersqv@xrea.com,Male
969,Ernie,Giacomuzzo,egiacomuzzoqw@prnewswire.com,Male
970,Marybelle,Grayland,mgraylandqx@mashable.com,Female
971,Franzen,Duckerin,fduckerinqy@opera.com,Male
972,Malanie,Farmar,mfarmarqz@imageshack.us,Female
973,Lynda,Stevenson,lstevensonr0@booking.com,Female
974,Kris,Ivanyushkin,kivanyushkinr1@dedecms.com,Male
975,Abie,MacDowal,amacdowalr2@flickr.com,Male
976,Gretel,Urwin,gurwinr3@paginegialle.it,Female
977,Aldous,Haythorn,ahaythornr4@psu.edu,Male
978,Read,Tooke,rtooker5@wikia.com,Male
979,Jehanna,Bremmell,jbremmellr6@skyrock.com,Female
980,Friedrich,Amies,famiesr7@drupal.org,Male
981,Bryce,Reuter,breuterr8@boston.com,Male
982,Sibylla,Holde,sholder9@apache.org,Female
983,Diarmid,Pandie,dpandiera@utexas.edu,Male
984,Lenora,Bisson,lbissonrb@ustream.tv,Female
985,Shirlee,Spelwood,sspelwoodrc@salon.com,Female
986,Tasia,Drewe,tdrewerd@arstechnica.com,Female
987,Jeffrey,Largan,jlarganre@naver.com,Male
988,Caspar,Melding,cmeldingrf@nps.gov,Male
989,Brad,Mulleary,bmullearyrg@indiegogo.com,Male
990,Felipe,Shitliff,fshitliffrh@reuters.com,Male
991,Carma,Pheasey,cpheaseyri@bbb.org,Female
992,Harper,Smallsman,hsmallsmanrj@phpbb.com,Male
993,Leupold,Ilyasov,lilyasovrk@sciencedirect.com,Male
994,Fulton,D'Onisi,fdonisirl@accuweather.com,Male
995,Erastus,Lowell,elowellrm@columbia.edu,Male
996,Matty,Gallamore,mgallamorern@devhub.com,Female
997,Erminie,Labrum,elabrumro@flickr.com,Female
998,Barri,Cotesford,bcotesfordrp@state.tx.us,Male
999,Nevsa,Carloni,ncarlonirq@ning.com,Female
1000,Lambert,Prestie,lprestierr@google.pl,Male
